Workbook

Sheet Instrukcja
A1: Szablon dokumentacji testowej | B1: Testowanie oprogramowania – ćwiczenia 1 (na podstawie ISO/IEC/IEEE 29119-3 i sylabusa ISTQB CTFL 4.0)
A2: Autor (imię, nazwisko, nr albumu) | B2: Adrian Skamarski 174919
A3: Grupa / data | B3: IO2 16.10.2026
A4: Przedmiot testów | B4: KinoTO 1.0 – formularz zakupu biletów (specyfikacja: specyfikacja_KinoTO.md; obiekt do wykonywania testów: Symulator_KinoTO.xlsx)
A6: ARKUSZE
A7: Przegląd specyfikacji | B7: Wynik testowania statycznego: jeden wiersz = jeden problem w specyfikacji (z ID wymagania, rodzajem problemu i pytaniem do autora).
A8: Warunki testowe | B8: Wynik analizy: CO testujemy. ID w formacie WT-<obszar>-<nr>, np. WT-FRM-01; podaj wymaganie i priorytet.
A9: Przypadki testowe | B9: Specyfikacja przypadków testowych: jeden wiersz = jeden przypadek. ID w formacie TC-<obszar>-<nr>, np. TC-FRM-001. Kolumnę „Wymaganie” wypełnij identyfikatorami REQ-… (kilka – po przecinku).
A10: Macierz śledzenia | B10: Jeden wiersz = jedno wymaganie (ID i skrót są już wpisane). Uzupełnij priorytet i ID przypadków. Kolumny „Liczba przypadków”, „Zaliczone”, „Niezaliczone” i „Pokrycie” liczą się same.
A11: Sesja eksploracyjna | B11: Karta sesji (cel, czas) i notatki z sesji: co sprawdzono, co zaobserwowano, ocena obserwacji.
A12: Raporty defektów | B12: Jeden wiersz = jeden raport o defekcie (ID: DEF-<nr>). Kroki muszą pozwolić odtworzyć awarię innej osobie. Zrzut ekranu (opcjonalnie): Win+Shift+S, zapisz jako DEF-<nr>.png.
A13: Lista kontrolna | B13: Pozycje formułuj jako pytania, na które odpowiedź „Tak” oznacza stan poprawny. Wynik „Nie” → wpisz dowód i (jeśli to defekt) ID raportu.
A14: Raport z wykonania | B14: Podsumowanie testów. Liczby w kolumnie „Wartość” wyliczają się automatycznie – uzupełnij pola opisowe.
A16: STATUS PRZYPADKU | B16: Nie wykonano – jeszcze nie uruchomiony; Zaliczony – rzeczywisty rezultat = oczekiwany; Niezaliczony – rozbieżność (wpisz ID defektu); Zablokowany – nie da się wykonać (np. brak środowiska, inny defekt); Pominięty – świadomie nie wykonano (podaj powód w uwagach).
A17: WAŻNOŚĆ (severity) | B17: Wpływ defektu na system/użytkownika: Krytyczna – awaria uniemożliwia korzystanie z kluczowej funkcji, utrata danych, bezpieczeństwo; Wysoka – ważna funkcja działa błędnie, brak obejścia; Średnia – błąd z obejściem lub w mniej ważnej funkcji; Niska – kosmetyka, literówki, drobne niedogodności.
A18: PRIORYTET (priority) | B18: Pilność naprawy z punktu widzenia biznesu: Wysoki – naprawić natychmiast / przed wydaniem; Średni – w najbliższym cyklu; Niski – gdy będzie czas. Ważność i priorytet to dwie różne oceny (np. literówka w nazwie firmy na stronie głównej: niska ważność, wysoki priorytet).
A19: CYKL ŻYCIA DEFEKTU | B19: Nowy → Otwarty → W naprawie → Naprawiony → Do retestu → Zamknięty; ewentualnie Odrzucony (to nie defekt / nie do odtworzenia), Odroczony (naprawa później), Ponownie otwarty (retest nieudany).
... A21: Wiersze przykładowe | B21: Wiersze wyróżnione żółtym tłem są przykładami – usuń je lub zastąp własnymi przed oddaniem.

Sheet Przegląd specyfikacji
A1: Nr | B1: Wymaganie (REQ-…) | C1: Rodzaj problemu | D1: Opis problemu | E1: Pytanie do autora / propozycja
A2: 1 | B2: REQ-FRM-02 | C2: Niejednoznaczność | D2: Zapis „może zawierać tylko litery” nie precyzuje, czy akceptowane są polskie znaki oraz znaki z innych alfabetów. | E2: Czy walidacja imienia powinna dopuszczać polskie znaki oraz litery z innych alfabetów?
A3: 2 | B3: REQ-FRM-02 | C3: Brak (niekompletne) | D3: Brak weryfikacji formatu. System teoretycznie przepuści imię składające się z samych 30 spacji. | E3: Czy imię nie powinno zaczynać się i zawierać przynajmniej jednej litery?
A4: 3 | B4: REQ-FRM-03 | C4: Brak (niekompletne) | D4: Określenie „poprawny adres e-mail” jest zbyt ogólne. Nie wskazano standardu weryfikacji, ani dokładnych warunków. | E4: Według jakich reguł lub jakiego wyrażenia regularnego sprawdzany jest adres e-mail?
A5: 4 | B5: REQ-FRM-05 | C5: Niejednoznaczność | D5: Zapis „liczba całkowita” nie definiuje jednoznacznie zachowania formularza dla wartości ułamkowych zapisanych z przecinkiem/kropką | E5: Czy wpisanie wartości np. 2,0 lub 05 ma być traktowane jako błąd i wyświetlać komunikat?
A6: 5 | B6: REQ-FRM-01 | C6: Brak (niekompletne) | D6: Specyfikacja nie opisuje wprost, co się dzieje, gdy wymagane pola pozostaną całkowicie puste przy próbie zakupu. | E6: Czy dla pustych pól wyświetla się ten sam komunikat błędu co dla danych niepoprawnych, czy przewidziano dedykowany komunikat?
A7: 6 | B7: REQ-CEN-02 | C7: Sprzeczność | D7: Wymaganie wskazuje, że ulga 50% dotyczy wieku kupującego i „Wszystkie bilety w zamówieniu są tego samego rodzaju”. Prowadzi to do nielogicznej sytuacji, w której 10-latek kupujący 10 biletów otrzyma na wszystkie ulgę. | E7: Czy system celowo przyznaje ulgę na całe zamówienie wyłącznie na podstawie wieku jednego kupującego podanego w formularzu?

Sheet Warunki testowe
A1: ID | B1: Warunek testowy (CO sprawdzamy) | C1: Wymaganie (REQ-…) | D1: Priorytet | E1: Uwagi
A2: WT-FRM-01 | B2: Próba podania imienia krótszego niż 2 znaki | C2: REQ-FRM-02 | D2: Średni | E2: Wymaga sprawdzenia wartości brzegowej dla dolnej granicy
A3: WT-FRM-02 | B3: Próba podania imienia o maksymalnej dopuszczalnej długości (30 znaków) | C3: REQ-FRM-02 | D3: Średni | E3: Należy przetestować górną granicę oraz wartość tuż za nią
A4: WT-FRM-03 | B4: Sprawdzenie akceptacji konkretnych znaków (dozwolonych i zabronionych) w polu Imię | C4: REQ-FRM-02 | D4: Średni | E4: Trzeba sprawdzić akceptację spacji i myślnika oraz odrzucanie cyfr i innych znaków specjalnych.
A5: WT-FRM-04 | B5: Walidacja prawidłowych i nieprawidłowych struktur e-mail | C5: REQ-FRM-03 | D5: Średni | E5: Brak specyfikacji dokładnego formatu; warto sprawdzić klasyczne błędy, np. brak znaku @
A6: WT-FRM-05 | B6: Testowanie wartości brzegowych dla wieku kupującego (1 i 120) | C6: REQ-FRM-04 | D6: Średni | E6: Należy użyć analizy wartości brzegowych: 0, 1, 120 oraz 121.
A7: WT-FRM-06 | B7: Reakcja formularza na ułamki w polu Wiek | C7: REQ-FRM-04 | D7: Średni | E7: Należy zweryfikować zachowanie dla ułamków, wartości ujemnych i liter.
A8: WT-FRM-07 | B8: Sprawdzenie skrajnych dopuszczalnych ilości biletów (1 oraz 10) | C8: REQ-FRM-05 | D8: Wysoki | E8: Klawiszowe dla ceny; wymaga testu wartości brzegowych: 0, 1, 10, 11.
A9: WT-FRM-08 | B9: Zachowanie systemu przy pustym polu na kod rabatowy | C9: REQ-FRM-06 | D9: Niski | E9: Pusty kod nie powinien blokować zamówienia ani wyrzucać żadnych błędów.
A10: WT-FRM-09 | B10: Zgłaszanie kilku błędów naraz przy nieprawidłowym wypełnieniu wszystkich rubryk | C10: REQ-FRM-07 | D10: Wysoki | E10: Należy upewnić się, że po wpisaniu błędów we wszystkich polach, system wyświetli wszystkie komunikaty na raz, bez ucinania listy.
A11: WT-FRM-10 | B11: Wyświetlanie ostatecznego podsumowania transakcji przy prawidłowych informacjach wejściowych | C11: REQ-FRM-01, REQ-FRM-08 | D11: Wysoki | E11: Podstawowy test sprawdzający ogólne działanie formularza po wpisaniu poprawnych danych.
A12: WT-CEN-01 | B12: Kalkulacja bazowej kwoty za bilet (bez promocji, 30,00 zł) | C12: REQ-CEN-01 | D12: Wysoki | E12: Baza do dalszych testów; sprawdzić dla osoby w wieku 18-64 lat bez żadnych zniżek.
... A21: WT-CEN-10 | B21: Poprawność formatowania wszystkich zwracanych kwot (2 miejsca po przecinku, dodana jednostka "zł") | C21: REQ-CEN-07 | D21: Średni | E21: Sprawdzić, czy system dodaje ułamki na końcu kwot całkowitych

Sheet Przypadki testowe
A1: ID | B1: Tytuł | C1: Wymaganie (REQ-…) | D1: Technika | E1: Priorytet | F1: Warunki wstępne | G1: Dane testowe | H1: Kroki | I1: Oczekiwany rezultat | J1: Rzeczywisty rezultat | K1: Status | L1: ID defektu | M1: Wykonał | N1: Data wykonania | O1: Uwagi
A2: TC-FRM-001 | B2: Imię poniżej dolnego limitu (1 znak) | C2: REQ-FRM-02, REQ-FRM-07 | D2: AWB | E2: Średni | F2: 1. Otwarty Symulator_KinoTO.xlsx. 2. Żółte pola puste. | G2: imię: A e-mail: adam.nowak@poczta.net wiek: 30 liczba biletów: 1 kod: (puste) karta: Nie | H2: 1. Wpisz dane w żółte pola. 2. Sprawdź komunikaty i podsumowanie. | I2: Wiadomość błędu: „Podaj poprawne imię.” Panel podsumowania nie jest widoczny. | J2: Wiadomość błędu: „Podaj poprawne imię.” Panel podsumowania nie jest widoczny. | K2: Zaliczony | M2: Adrian Skamarski | N2: 46311
A3: TC-FRM-002 | B3: Imię na górnej granicy limitu (30 znaków) | C3: REQ-FRM-02, REQ-FRM-08 | D3: AWB | E3: Średni | F3: 1. Otwarty Symulator_KinoTO.xlsx. 2. Żółte pola puste. | G3: imię: Piotr-Pawel Wojciechowski-Klos e-mail: adam.nowak@poczta.net wiek: 30 liczba biletów: 1 kod: (puste) karta: Nie | H3: 1. Wpisz dane w żółte pola. 2. Sprawdź komunikaty i podsumowanie. | I3: System nie zgłasza błędów. Zostaje wyświetlone podsumowanie oraz tekst „Dziękujemy za zakup!”. | J3: Żadne błędy się nie wyświetlają. Widoczne jest podsumowanie na kwotę 32,00 zł oraz tekst „Dziękujemy za zakup!”. | K3: Zaliczony | M3: Adrian Skamarski | N3: 46311
A4: TC-FRM-003 | B4: Błędny format adresu e-mail (pominięta małpa) | C4: REQ-FRM-03, REQ-FRM-07 | D4: EP | E4: Średni | F4: 1. Otwarty Symulator_KinoTO.xlsx. 2. Żółte pola puste. | G4: imię: Jan e-mail: adam.nowakpoczta.net wiek: 30 liczba biletów: 1 kod: (puste) karta: Nie | H4: 1. Wpisz dane w żółte pola. 2. Sprawdź komunikaty i podsumowanie. | I4: Wiadomość błędu: „Niepoprawny adres e-mail.” Panel podsumowania nie jest widoczny. | J4: Wiadomość błędu: „Niepoprawny adres e-mail.” Panel podsumowania nie jest widoczny. | K4: Zaliczony | M4: Adrian Skamarski | N4: 46311
A5: TC-FRM-004 | B5: Wiek podany jako wartość ułamkowa | C5: REQ-FRM-04, REQ-FRM-07 | D5: EP | E5: Średni | F5: 1. Otwarty Symulator_KinoTO.xlsx. 2. Żółte pola puste. | G5: imię: Jan e-mail: adam.nowak@poczta.net wiek: 25.5 liczba biletów: 1 kod: (puste) karta: Nie | H5: 1. Wpisz dane w żółte pola. 2. Sprawdź komunikaty i podsumowanie. | I5: Wiadomość błędu: „Podaj wiek od 1 do 120.” Panel podsumowania nie jest widoczny. | J5: Wiadomość błędu: „Podaj wiek od 1 do 120.” Panel podsumowania nie jest widoczny. | K5: Niezaliczony | L5: DEF-007 | M5: Adrian Skamarski | N5: 46311 | O5: Po wpisaniu 25.5 wyświetla się data.
A6: TC-FRM-005 | B6: Maksymalna dozwolona ilość biletów (10 szt.) | C6: REQ-FRM-05, REQ-FRM-08 | D6: AWB | E6: Wysoki | F6: 1. Otwarty Symulator_KinoTO.xlsx. 2. Żółte pola puste. | G6: imię: Jan e-mail: adam.nowak@poczta.net wiek: 30 liczba biletów: 10 kod: (puste) karta: Nie | H6: 1. Wpisz dane w żółte pola. 2. Sprawdź komunikaty i podsumowanie. | I6: System nie zgłasza błędów. Zostaje wyświetlone podsumowanie oraz tekst „Dziękujemy za zakup!”. | J6: Żadne błędy się nie wyświetlają. Widoczne jest podsumowanie na kwotę 300,00 zł oraz tekst „Dziękujemy za zakup!”. | K6: Zaliczony | M6: Adrian Skamarski | N6: 46311
A7: TC-FRM-006 | B7: Weryfikacja ostrzeżeń przy całkowicie pustym formularzu | C7: REQ-FRM-07 | D7: EP | E7: Wysoki | F7: 1. Otwarty Symulator_KinoTO.xlsx. 2. Żółte pola puste. | G7: Wszystkie pola puste, karta: Nie | H7: 1. Pozostaw wszystkie żółte pola puste. 2. Sprawdź komunikaty i podsumowanie. | I7: Komunikaty o błędach dla imienia, e-maila, wieku i liczby biletów. Panel podsumowania nie jest widoczny. | J7: Komunikaty o błędach: „Podaj poprawne imię”, „Niepoprawny adres e-mail”, „Podaj wiek od 1 do 120”, „Można kupić od 1 do 10 biletów”. Panel podsumowania nie jest widoczny. | K7: Zaliczony | M7: Adrian Skamarski | N7: 46311
A8: TC-CEN-001 | B8: Zniżka dla nieletnich na granicy (17 lat), bez dodatkowych opcji | C8: REQ-CEN-02, REQ-CEN-06 | D8: AWB | E8: Wysoki | F8: 1. Otwarty Symulator_KinoTO.xlsx. 2. Żółte pola puste. | G8: imię: Jan e-mail: adam.nowak@poczta.net wiek: 17 liczba biletów: 1 kod: (puste) karta: Nie | H8: 1. Wpisz dane w żółte pola. 2. Odczytaj kwoty w podsumowaniu. | I8: kwota za bilet 15,00 zł; rabat 0%; opłata 2,00 zł; suma końcowa 17,00 zł. | J8: kwota za bilet 15,00 zł; rabat 0%; opłata 2; suma końcowa 17,00 zł. | K8: Zaliczony | M8: Adrian Skamarski | N8: 46311
A9: TC-CEN-002 | B9: Brak zniżki dla wieku dorosłego na granicy (18 lat) | C9: REQ-CEN-02, REQ-CEN-06 | D9: AWB | E9: Wysoki | F9: 1. Otwarty Symulator_KinoTO.xlsx. 2. Żółte pola puste. | G9: imię: Jan e-mail: adam.nowak@poczta.net wiek: 18 liczba biletów: 1 kod: (puste) karta: Nie | H9: 1. Wpisz dane w żółte pola. 2. Odczytaj kwoty w podsumowaniu. | I9: kwota za bilet 30,00 zł; rabat 0%; opłata 2,00 zł; suma końcowa 32,00 zł. | J9: kwota za bilet 30,00 zł; rabat 0%; opłata 2; suma końcowa 32,00 zł. | K9: Zaliczony | M9: Adrian Skamarski | N9: 46311
A10: TC-CEN-003 | B10: Zniżka dla emeryta (dolny próg 65 lat) | C10: REQ-CEN-02, REQ-CEN-06 | D10: AWB | E10: Wysoki | F10: 1. Otwarty Symulator_KinoTO.xlsx. 2. Żółte pola puste. | G10: imię: Jan e-mail: adam.nowak@poczta.net wiek: 65 liczba biletów: 1 kod: (puste) karta: Nie | H10: 1. Wpisz dane w żółte pola. 2. Odczytaj kwoty w podsumowaniu. | I10: kwota za bilet 15,00 zł; rabat 0%; opłata 2,00 zł; suma końcowa 17,00 zł. | J10: kwota za bilet 30,00 zł; rabat 0%; opłata 2; suma końcowa 32,00 zł. | K10: Niezaliczony | L10: DEF-008 | M10: Adrian Skamarski | N10: 46311 | O10: Cena biletu jest wyższa niż oczekiwana
A11: TC-CEN-004 | B11: Łączenie promocji (Karta i Kod) oraz brak opłaty serwisowej | C11: REQ-CEN-03, REQ-CEN-05 | D11: Tablica decyzyjna | E11: Wysoki | F11: 1. Otwarty Symulator_KinoTO.xlsx. 2. Żółte pola puste. | G11: imię: Jan e-mail: adam.nowak@poczta.net wiek: 30 liczba biletów: 2 kod: KINO10 karta: Tak | H11: 1. Wpisz dane w żółte pola. 2. Odczytaj kwoty w podsumowaniu. | I11: kwota za bilet 30,00 zł; rabat 15%; opłata 0,00 zł; suma końcowa 51,00 zł. | J11: kwota za bilet 30,00 zł; rabat 20%; opłata 0; suma końcowa 48,00 zł. | K11: Niezaliczony | L11: DEF-009 | M11: Adrian Skamarski | N11: 46311 | O11: Źle naliczony rabat
A12: TC-CEN-005 | B12: Zniżka z samego Kodu dla pojedynczego biletu | C12: REQ-CEN-03, REQ-CEN-05 | D12: Tablica decyzyjna | E12: Wysoki | F12: 1. Otwarty Symulator_KinoTO.xlsx. 2. Żółte pola puste. | G12: imię: Jan e-mail: adam.nowak@poczta.net wiek: 30 liczba biletów: 1 kod: KINO10 karta: Nie | H12: 1. Wpisz dane w żółte pola. 2. Odczytaj kwoty w podsumowaniu. | I12: kwota za bilet 30,00 zł; rabat 10%; opłata 2,00 zł; suma końcowa 29,00 zł. | J12: kwota za bilet 30,00 zł; rabat 10%; opłata 2; suma końcowa 29,00 zł. | K12: Zaliczony | M12: Adrian Skamarski | N12: 46311
A13: TC-CEN-006 | B13: Zniżka za Kartę Kinomaniaka bez dodatkowych opłat | C13: REQ-CEN-03, REQ-CEN-05 | D13: Tablica decyzyjna | E13: Wysoki | F13: 1. Otwarty Symulator_KinoTO.xlsx. 2. Żółte pola puste. | G13: imię: Jan e-mail: adam.nowak@poczta.net wiek: 30 liczba biletów: 1 kod: (puste) karta: Tak | H13: 1. Wpisz dane w żółte pola. 2. Odczytaj kwoty w podsumowaniu. | I13: kwota za bilet 30,00 zł; rabat 10%; opłata 0,00 zł; suma końcowa 27,00 zł. | J13: kwota za bilet 30,00 zł; rabat 10%; opłata 0; suma końcowa 27,00 zł. | K13: Zaliczony | M13: Adrian Skamarski | N13: 46311
A14: TC-CEN-007 | B14: Wprowadzenie nieistniejącego kodu przy większej ilości biletów | C14: REQ-CEN-04, REQ-CEN-05 | D14: EP | E14: Średni | F14: 1. Otwarty Symulator_KinoTO.xlsx. 2. Żółte pola puste. | G14: imię: Jan e-mail: adam.nowak@poczta.net wiek: 30 liczba biletów: 4 kod: BLEDNY karta: Nie | H14: 1. Wpisz dane w żółte pola. 2. Sprawdź komunikaty i podsumowanie. | I14: Wiadomość błędu: „Nieprawidłowy kod - pominięto”. Podsumowanie: kwota za bilet 30,00 zł; rabat 0%; opłata 0,00 zł; suma końcowa 120,00 zł. | J14: Wiadomość błędu: „Nieprawidłowy kod - pominięto”. Podsumowanie: kwota za bilet 30,00 zł; rabat 0%; opłata 0; suma końcowa 120,00 zł. | K14: Zaliczony | M14: Adrian Skamarski | N14: 46311
A15: TC-CEN-008 | B15: Weryfikacja kodu z użyciem małych znaków | C15: REQ-CEN-04 | D15: EP | E15: Średni | F15: 1. Otwarty Symulator_KinoTO.xlsx. 2. Żółte pola puste. | G15: imię: Jan e-mail: adam.nowak@poczta.net wiek: 30 liczba biletów: 1 kod: kino10 karta: Nie | H15: 1. Wpisz dane w żółte pola. 2. Odczytaj kwoty w podsumowaniu. | I15: kwota za bilet 30,00 zł; rabat 10%; opłata 2,00 zł; suma końcowa 29,00 zł. | J15: Wiadomość błędu: „Nieprawidłowy kod - pominięto”. Podsumowanie: kwota za bilet 30,00 zł; rabat 0%; opłata 2; suma końcowa 32,00 zł. | K15: Niezaliczony | L15: DEF-010 | M15: Adrian Skamarski | N15: 46311 | O15: Rabat nie został naliczony
A16: TC-CEN-009 | B16: Test zaokrąglania obliczonej sumy w górę | C16: REQ-CEN-06 | D16: Na podstawie wymagań | E16: Średni | F16: 1. Otwarty Symulator_KinoTO.xlsx. 2. Żółte pola puste. | G16: imię: Jan e-mail: adam.nowak@poczta.net wiek: 15 liczba biletów: 1 kod: KINO10 karta: Nie | H16: 1. Wpisz dane w żółte pola. 2. Odczytaj kwoty w podsumowaniu. | I16: kwota za bilet 15,00 zł; rabat 10%; opłata 2,00 zł; suma końcowa 15,50 zł. | J16: kwota za bilet 15,00 zł; rabat 10%; opłata 2; suma końcowa 15,50 zł. | K16: Zaliczony | M16: Adrian Skamarski | N16: 46311

Sheet Macierz śledzenia
A1: ID wymagania | B1: Wymaganie (skrót) | C1: Priorytet | D1: Przypadki testowe (ID) | E1: Liczba przypadków | F1: Zaliczone | G1: Niezaliczone | H1: Pokrycie | I1: Uwagi
A2: REQ-FRM-01 | B2: Pola formularza i przycisk „Kup” | C2: Niski | E2: =IF(A2="","",COUNTIF('Przypadki testowe'!$C$2:$C$300,"*"&A2&"*")) -> 0 | F2: =IF(A2="","",COUNTIFS('Przypadki testowe'!$C$2:$C$300,"*"&A2&"*",'Przypadki testowe'!$K$2:$K$300,"Zaliczony")) -> 0 | G2: =IF(A2="","",COUNTIFS('Przypadki testowe'!$C$2:$C$300,"*"&A2&"*",'Przypadki testowe'!$K$2:$K$300,"Niezaliczony")) -> 0 | H2: =IF(A2="","",IF(E2>0,"Pokryte","BRAK")) -> BRAK
A3: REQ-FRM-02 | B3: Imię 2–30 znaków: litery, spacja, myślnik | C3: Średni | D3: TC-FRM-001, TC-FRM-002 | E3: =IF(A3="","",COUNTIF('Przypadki testowe'!$C$2:$C$300,"*"&A3&"*")) -> 2 | F3: =IF(A3="","",COUNTIFS('Przypadki testowe'!$C$2:$C$300,"*"&A3&"*",'Przypadki testowe'!$K$2:$K$300,"Zaliczony")) -> 2 | G3: =IF(A3="","",COUNTIFS('Przypadki testowe'!$C$2:$C$300,"*"&A3&"*",'Przypadki testowe'!$K$2:$K$300,"Niezaliczony")) -> 0 | H3: =IF(A3="","",IF(E3>0,"Pokryte","BRAK")) -> Pokryte
A4: REQ-FRM-03 | B4: Poprawny adres e-mail | C4: Średni | D4: TC-FRM-003 | E4: =IF(A4="","",COUNTIF('Przypadki testowe'!$C$2:$C$300,"*"&A4&"*")) -> 1 | F4: =IF(A4="","",COUNTIFS('Przypadki testowe'!$C$2:$C$300,"*"&A4&"*",'Przypadki testowe'!$K$2:$K$300,"Zaliczony")) -> 1 | G4: =IF(A4="","",COUNTIFS('Przypadki testowe'!$C$2:$C$300,"*"&A4&"*",'Przypadki testowe'!$K$2:$K$300,"Niezaliczony")) -> 0 | H4: =IF(A4="","",IF(E4>0,"Pokryte","BRAK")) -> Pokryte
A5: REQ-FRM-04 | B5: Wiek: liczba całkowita 1–120 | C5: Średni | D5: TC-FRM-004 | E5: =IF(A5="","",COUNTIF('Przypadki testowe'!$C$2:$C$300,"*"&A5&"*")) -> 1 | F5: =IF(A5="","",COUNTIFS('Przypadki testowe'!$C$2:$C$300,"*"&A5&"*",'Przypadki testowe'!$K$2:$K$300,"Zaliczony")) -> 0 | G5: =IF(A5="","",COUNTIFS('Przypadki testowe'!$C$2:$C$300,"*"&A5&"*",'Przypadki testowe'!$K$2:$K$300,"Niezaliczony")) -> 1 | H5: =IF(A5="","",IF(E5>0,"Pokryte","BRAK")) -> Pokryte
A6: REQ-FRM-05 | B6: Liczba biletów: liczba całkowita 1–10 | C6: Wysoki | D6: TC-FRM-005 | E6: =IF(A6="","",COUNTIF('Przypadki testowe'!$C$2:$C$300,"*"&A6&"*")) -> 1 | F6: =IF(A6="","",COUNTIFS('Przypadki testowe'!$C$2:$C$300,"*"&A6&"*",'Przypadki testowe'!$K$2:$K$300,"Zaliczony")) -> 1 | G6: =IF(A6="","",COUNTIFS('Przypadki testowe'!$C$2:$C$300,"*"&A6&"*",'Przypadki testowe'!$K$2:$K$300,"Niezaliczony")) -> 0 | H6: =IF(A6="","",IF(E6>0,"Pokryte","BRAK")) -> Pokryte
A7: REQ-FRM-06 | B7: Kod promocyjny opcjonalny | C7: Niski | E7: =IF(A7="","",COUNTIF('Przypadki testowe'!$C$2:$C$300,"*"&A7&"*")) -> 0 | F7: =IF(A7="","",COUNTIFS('Przypadki testowe'!$C$2:$C$300,"*"&A7&"*",'Przypadki testowe'!$K$2:$K$300,"Zaliczony")) -> 0 | G7: =IF(A7="","",COUNTIFS('Przypadki testowe'!$C$2:$C$300,"*"&A7&"*",'Przypadki testowe'!$K$2:$K$300,"Niezaliczony")) -> 0 | H7: =IF(A7="","",IF(E7>0,"Pokryte","BRAK")) -> BRAK
A8: REQ-FRM-07 | B8: Lista wszystkich błędów, brak zakupu | C8: Wysoki | D8: TC-FRM-001, TC-FRM-003, TC-FRM-004, TC-FRM-006 | E8: =IF(A8="","",COUNTIF('Przypadki testowe'!$C$2:$C$300,"*"&A8&"*")) -> 4 | F8: =IF(A8="","",COUNTIFS('Przypadki testowe'!$C$2:$C$300,"*"&A8&"*",'Przypadki testowe'!$K$2:$K$300,"Zaliczony")) -> 3 | G8: =IF(A8="","",COUNTIFS('Przypadki testowe'!$C$2:$C$300,"*"&A8&"*",'Przypadki testowe'!$K$2:$K$300,"Niezaliczony")) -> 1 | H8: =IF(A8="","",IF(E8>0,"Pokryte","BRAK")) -> Pokryte
A9: REQ-FRM-08 | B9: Podsumowanie i „Dziękujemy za zakup!” | C9: Średni | D9: TC-FRM-002, TC-FRM-005 | E9: =IF(A9="","",COUNTIF('Przypadki testowe'!$C$2:$C$300,"*"&A9&"*")) -> 2 | F9: =IF(A9="","",COUNTIFS('Przypadki testowe'!$C$2:$C$300,"*"&A9&"*",'Przypadki testowe'!$K$2:$K$300,"Zaliczony")) -> 2 | G9: =IF(A9="","",COUNTIFS('Przypadki testowe'!$C$2:$C$300,"*"&A9&"*",'Przypadki testowe'!$K$2:$K$300,"Niezaliczony")) -> 0 | H9: =IF(A9="","",IF(E9>0,"Pokryte","BRAK")) -> Pokryte
A10: REQ-CEN-01 | B10: Bilet normalny 30,00 zł | C10: Wysoki | E10: =IF(A10="","",COUNTIF('Przypadki testowe'!$C$2:$C$300,"*"&A10&"*")) -> 0 | F10: =IF(A10="","",COUNTIFS('Przypadki testowe'!$C$2:$C$300,"*"&A10&"*",'Przypadki testowe'!$K$2:$K$300,"Zaliczony")) -> 0 | G10: =IF(A10="","",COUNTIFS('Przypadki testowe'!$C$2:$C$300,"*"&A10&"*",'Przypadki testowe'!$K$2:$K$300,"Niezaliczony")) -> 0 | H10: =IF(A10="","",IF(E10>0,"Pokryte","BRAK")) -> BRAK
A11: REQ-CEN-02 | B11: Ulga 50%: wiek < 18 lub ≥ 65 | C11: Wysoki | D11: TC-CEN-001, TC-CEN-002, TC-CEN-003 | E11: =IF(A11="","",COUNTIF('Przypadki testowe'!$C$2:$C$300,"*"&A11&"*")) -> 3 | F11: =IF(A11="","",COUNTIFS('Przypadki testowe'!$C$2:$C$300,"*"&A11&"*",'Przypadki testowe'!$K$2:$K$300,"Zaliczony")) -> 2 | G11: =IF(A11="","",COUNTIFS('Przypadki testowe'!$C$2:$C$300,"*"&A11&"*",'Przypadki testowe'!$K$2:$K$300,"Niezaliczony")) -> 1 | H11: =IF(A11="","",IF(E11>0,"Pokryte","BRAK")) -> Pokryte
A12: REQ-CEN-03 | B12: Rabat 15% / 10% / 0% (karta, kod) | C12: Wysoki | D12: TC-CEN-004, TC-CEN-005, TC-CEN-006 | E12: =IF(A12="","",COUNTIF('Przypadki testowe'!$C$2:$C$300,"*"&A12&"*")) -> 3 | F12: =IF(A12="","",COUNTIFS('Przypadki testowe'!$C$2:$C$300,"*"&A12&"*",'Przypadki testowe'!$K$2:$K$300,"Zaliczony")) -> 2 | G12: =IF(A12="","",COUNTIFS('Przypadki testowe'!$C$2:$C$300,"*"&A12&"*",'Przypadki testowe'!$K$2:$K$300,"Niezaliczony")) -> 1 | H12: =IF(A12="","",IF(E12>0,"Pokryte","BRAK")) -> Pokryte
A13: REQ-CEN-04 | B13: Kod KINO10, wielkość liter bez znaczenia | C13: Średni | D13: TC-CEN-007, TC-CEN-008 | E13: =IF(A13="","",COUNTIF('Przypadki testowe'!$C$2:$C$300,"*"&A13&"*")) -> 2 | F13: =IF(A13="","",COUNTIFS('Przypadki testowe'!$C$2:$C$300,"*"&A13&"*",'Przypadki testowe'!$K$2:$K$300,"Zaliczony")) -> 1 | G13: =IF(A13="","",COUNTIFS('Przypadki testowe'!$C$2:$C$300,"*"&A13&"*",'Przypadki testowe'!$K$2:$K$300,"Niezaliczony")) -> 1 | H13: =IF(A13="","",IF(E13>0,"Pokryte","BRAK")) -> Pokryte
A14: REQ-CEN-05 | B14: Opłata 2,00 zł; bez opłaty: karta lub ≥ 100,00 zł | C14: Wysoki | D14: TC-CEN-004, TC-CEN-005, TC-CEN-006, TC-CEN-007 | E14: =IF(A14="","",COUNTIF('Przypadki testowe'!$C$2:$C$300,"*"&A14&"*")) -> 4 | F14: =IF(A14="","",COUNTIFS('Przypadki testowe'!$C$2:$C$300,"*"&A14&"*",'Przypadki testowe'!$K$2:$K$300,"Zaliczony")) -> 3 | G14: =IF(A14="","",COUNTIFS('Przypadki testowe'!$C$2:$C$300,"*"&A14&"*",'Przypadki testowe'!$K$2:$K$300,"Niezaliczony")) -> 1 | H14: =IF(A14="","",IF(E14>0,"Pokryte","BRAK")) -> Pokryte
A15: REQ-CEN-06 | B15: Wzór kwoty suma końcowa, zaokrąglenie | C15: Wysoki | D15: TC-CEN-001, TC-CEN-002, TC-CEN-003, TC-CEN-009 | E15: =IF(A15="","",COUNTIF('Przypadki testowe'!$C$2:$C$300,"*"&A15&"*")) -> 4 | F15: =IF(A15="","",COUNTIFS('Przypadki testowe'!$C$2:$C$300,"*"&A15&"*",'Przypadki testowe'!$K$2:$K$300,"Zaliczony")) -> 3 | G15: =IF(A15="","",COUNTIFS('Przypadki testowe'!$C$2:$C$300,"*"&A15&"*",'Przypadki testowe'!$K$2:$K$300,"Niezaliczony")) -> 1 | H15: =IF(A15="","",IF(E15>0,"Pokryte","BRAK")) -> Pokryte
A16: REQ-CEN-07 | B16: Format kwot „0,00 zł” | C16: Średni | E16: =IF(A16="","",COUNTIF('Przypadki testowe'!$C$2:$C$300,"*"&A16&"*")) -> 0 | F16: =IF(A16="","",COUNTIFS('Przypadki testowe'!$C$2:$C$300,"*"&A16&"*",'Przypadki testowe'!$K$2:$K$300,"Zaliczony")) -> 0 | G16: =IF(A16="","",COUNTIFS('Przypadki testowe'!$C$2:$C$300,"*"&A16&"*",'Przypadki testowe'!$K$2:$K$300,"Niezaliczony")) -> 0 | H16: =IF(A16="","",IF(E16>0,"Pokryte","BRAK")) -> BRAK
E17: =IF(A17="","",COUNTIF('Przypadki testowe'!$C$2:$C$300,"*"&A17&"*")) | F17: =IF(A17="","",COUNTIFS('Przypadki testowe'!$C$2:$C$300,"*"&A17&"*",'Przypadki testowe'!$K$2:$K$300,"Zaliczony")) | G17: =IF(A17="","",COUNTIFS('Przypadki testowe'!$C$2:$C$300,"*"&A17&"*",'Przypadki testowe'!$K$2:$K$300,"Niezaliczony")) | H17: =IF(A17="","",IF(E17>0,"Pokryte","BRAK"))
E18: =IF(A18="","",COUNTIF('Przypadki testowe'!$C$2:$C$300,"*"&A18&"*")) | F18: =IF(A18="","",COUNTIFS('Przypadki testowe'!$C$2:$C$300,"*"&A18&"*",'Przypadki testowe'!$K$2:$K$300,"Zaliczony")) | G18: =IF(A18="","",COUNTIFS('Przypadki testowe'!$C$2:$C$300,"*"&A18&"*",'Przypadki testowe'!$K$2:$K$300,"Niezaliczony")) | H18: =IF(A18="","",IF(E18>0,"Pokryte","BRAK"))
E19: =IF(A19="","",COUNTIF('Przypadki testowe'!$C$2:$C$300,"*"&A19&"*")) | F19: =IF(A19="","",COUNTIFS('Przypadki testowe'!$C$2:$C$300,"*"&A19&"*",'Przypadki testowe'!$K$2:$K$300,"Zaliczony")) | G19: =IF(A19="","",COUNTIFS('Przypadki testowe'!$C$2:$C$300,"*"&A19&"*",'Przypadki testowe'!$K$2:$K$300,"Niezaliczony")) | H19: =IF(A19="","",IF(E19>0,"Pokryte","BRAK"))
E20: =IF(A20="","",COUNTIF('Przypadki testowe'!$C$2:$C$300,"*"&A20&"*")) | F20: =IF(A20="","",COUNTIFS('Przypadki testowe'!$C$2:$C$300,"*"&A20&"*",'Przypadki testowe'!$K$2:$K$300,"Zaliczony")) | G20: =IF(A20="","",COUNTIFS('Przypadki testowe'!$C$2:$C$300,"*"&A20&"*",'Przypadki testowe'!$K$2:$K$300,"Niezaliczony")) | H20: =IF(A20="","",IF(E20>0,"Pokryte","BRAK"))
E21: =IF(A21="","",COUNTIF('Przypadki testowe'!$C$2:$C$300,"*"&A21&"*")) | F21: =IF(A21="","",COUNTIFS('Przypadki testowe'!$C$2:$C$300,"*"&A21&"*",'Przypadki testowe'!$K$2:$K$300,"Zaliczony")) | G21: =IF(A21="","",COUNTIFS('Przypadki testowe'!$C$2:$C$300,"*"&A21&"*",'Przypadki testowe'!$K$2:$K$300,"Niezaliczony")) | H21: =IF(A21="","",IF(E21>0,"Pokryte","BRAK"))
E22: =IF(A22="","",COUNTIF('Przypadki testowe'!$C$2:$C$300,"*"&A22&"*")) | F22: =IF(A22="","",COUNTIFS('Przypadki testowe'!$C$2:$C$300,"*"&A22&"*",'Przypadki testowe'!$K$2:$K$300,"Zaliczony")) | G22: =IF(A22="","",COUNTIFS('Przypadki testowe'!$C$2:$C$300,"*"&A22&"*",'Przypadki testowe'!$K$2:$K$300,"Niezaliczony")) | H22: =IF(A22="","",IF(E22>0,"Pokryte","BRAK"))
E23: =IF(A23="","",COUNTIF('Przypadki testowe'!$C$2:$C$300,"*"&A23&"*")) | F23: =IF(A23="","",COUNTIFS('Przypadki testowe'!$C$2:$C$300,"*"&A23&"*",'Przypadki testowe'!$K$2:$K$300,"Zaliczony")) | G23: =IF(A23="","",COUNTIFS('Przypadki testowe'!$C$2:$C$300,"*"&A23&"*",'Przypadki testowe'!$K$2:$K$300,"Niezaliczony")) | H23: =IF(A23="","",IF(E23>0,"Pokryte","BRAK"))
E24: =IF(A24="","",COUNTIF('Przypadki testowe'!$C$2:$C$300,"*"&A24&"*")) | F24: =IF(A24="","",COUNTIFS('Przypadki testowe'!$C$2:$C$300,"*"&A24&"*",'Przypadki testowe'!$K$2:$K$300,"Zaliczony")) | G24: =IF(A24="","",COUNTIFS('Przypadki testowe'!$C$2:$C$300,"*"&A24&"*",'Przypadki testowe'!$K$2:$K$300,"Niezaliczony")) | H24: =IF(A24="","",IF(E24>0,"Pokryte","BRAK"))
E25: =IF(A25="","",COUNTIF('Przypadki testowe'!$C$2:$C$300,"*"&A25&"*")) | F25: =IF(A25="","",COUNTIFS('Przypadki testowe'!$C$2:$C$300,"*"&A25&"*",'Przypadki testowe'!$K$2:$K$300,"Zaliczony")) | G25: =IF(A25="","",COUNTIFS('Przypadki testowe'!$C$2:$C$300,"*"&A25&"*",'Przypadki testowe'!$K$2:$K$300,"Niezaliczony")) | H25: =IF(A25="","",IF(E25>0,"Pokryte","BRAK"))
E26: =IF(A26="","",COUNTIF('Przypadki testowe'!$C$2:$C$300,"*"&A26&"*")) | F26: =IF(A26="","",COUNTIFS('Przypadki testowe'!$C$2:$C$300,"*"&A26&"*",'Przypadki testowe'!$K$2:$K$300,"Zaliczony")) | G26: =IF(A26="","",COUNTIFS('Przypadki testowe'!$C$2:$C$300,"*"&A26&"*",'Przypadki testowe'!$K$2:$K$300,"Niezaliczony")) | H26: =IF(A26="","",IF(E26>0,"Pokryte","BRAK"))
E27: =IF(A27="","",COUNTIF('Przypadki testowe'!$C$2:$C$300,"*"&A27&"*")) | F27: =IF(A27="","",COUNTIFS('Przypadki testowe'!$C$2:$C$300,"*"&A27&"*",'Przypadki testowe'!$K$2:$K$300,"Zaliczony")) | G27: =IF(A27="","",COUNTIFS('Przypadki testowe'!$C$2:$C$300,"*"&A27&"*",'Przypadki testowe'!$K$2:$K$300,"Niezaliczony")) | H27: =IF(A27="","",IF(E27>0,"Pokryte","BRAK"))
E28: =IF(A28="","",COUNTIF('Przypadki testowe'!$C$2:$C$300,"*"&A28&"*")) | F28: =IF(A28="","",COUNTIFS('Przypadki testowe'!$C$2:$C$300,"*"&A28&"*",'Przypadki testowe'!$K$2:$K$300,"Zaliczony")) | G28: =IF(A28="","",COUNTIFS('Przypadki testowe'!$C$2:$C$300,"*"&A28&"*",'Przypadki testowe'!$K$2:$K$300,"Niezaliczony")) | H28: =IF(A28="","",IF(E28>0,"Pokryte","BRAK"))
... E120: =IF(A120="","",COUNTIF('Przypadki testowe'!$C$2:$C$300,"*"&A120&"*")) | F120: =IF(A120="","",COUNTIFS('Przypadki testowe'!$C$2:$C$300,"*"&A120&"*",'Przypadki testowe'!$K$2:$K$300,"Zaliczony")) | G120: =IF(A120="","",COUNTIFS('Przypadki testowe'!$C$2:$C$300,"*"&A120&"*",'Przypadki testowe'!$K$2:$K$300,"Niezaliczony")) | H120: =IF(A120="","",IF(E120>0,"Pokryte","BRAK"))

Sheet Sesja eksploracyjna
A1: Karta sesji | B1: S1
A2: Zbadaj | B2: Symulator KinoTO (Symulator_KinoTO.xlsx) – cały formularz i podsumowanie
A3: Używając | B3: niestandardowych danych wejściowych: puste wartości, białe znaki, wartości ujemne, ułamki, maksymalnie długie ciągi, znaki specjalne oraz różne wariacje zniżek
A4: Aby | B4: wykrycia błędów w sprawdzaniu poprawności danych, kalkulowaniu cen oraz sposobie pokazywania danych końcowych
A5: Czas | B5: 1h
A6: Tester | B6: Adrian Skamarski
A7: Data | B7: 46311
A10: Nr | B10: Co sprawdzono (dane wejściowe) | C10: Obserwacja (co się stało) | D10: Ocena | E10: ID raportu / pytania | F10: Czas [min]
A11: 1 | B11: Wiek: -5, reszta poprawna | C11: Komunikat „Podaj wiek od 1 do 120.”, brak podsumowania | D11: OK | F11: 3
A12: 2 | B12: Wszystkie pola puste, tylko wybrane Karta: Tak | C12: Komunikaty o błędach: „Podaj poprawne imię”, „Niepoprawny adres e-mail”, „Podaj wiek od 1 do 120”, „Można kupić od 1 do 10 biletów”, brak podsumowania | D12: OK | F12: 3
A13: 3 | B13: Imię: same spacje (3 spacje), reszta poprawna | C13: Formularz akceptuje imię, przechodzi do podsumowania | D13: Defekt | E13: DEF-005 | F13: 3
A14: 4 | B14: Wiek: 25.5 (ułamek z kropką), reszta poprawna | C14: Komunikat „Podaj wiek od 1 do 120.”, brak podsumowania | D14: OK | F14: 3
A15: 5 | B15: Wiek: 25,5 (ułamek z przecinkiem), reszta poprawna | C15: Komunikat „Podaj wiek od 1 do 120.”, brak podsumowania | D15: OK | F15: 3
A16: 6 | B16: Liczba biletów: -1, reszta poprawna | C16: Komunikat „Można kupić od 1 do 10 biletów.”, brak podsumowania | D16: OK | F16: 3
A17: 7 | B17: Liczba biletów: 0, reszta poprawna | C17: Komunikat „Można kupić od 1 do 10 biletów.”, brak podsumowania | D17: OK | F17: 3
A18: 8 | B18: Kod promocyjny: bArDzOdLuGiKoDpRoMoCyJnY12345, reszta popr. | C18: Kod zignorowany (komunikat o pominięciu), proces zakupu kontynuowany | D18: OK | F18: 3
A19: 9 | B19: Imię: Żółć (polskie znaki), reszta popr. | C19: Brak komunikatów, wyświetla się potwierdzenie i koszty. | D19: OK | F19: 3
A20: 10 | B20: E-mail: test@, reszta poprawna | C20: Komunikat „Niepoprawny adres e-mail.”, brak podsumowania | D20: OK | F20: 3
A21: 11 | B21: Imię: bardzo długi ciąg (100 znaków), reszta popr. | C21: Komunikat „Podaj poprawne imię.”, pole nie blokuje wpisywania znaków | D21: OK | F21: 3

Sheet Raporty defektów
A1: ID | B1: Tytuł (krótki opis awarii) | C1: Data | D1: Zgłaszający | E1: Obiekt testów / URL | F1: Środowisko | G1: Warunki wstępne | H1: Kroki do odtworzenia | I1: Oczekiwany rezultat | J1: Rzeczywisty rezultat | K1: Ważność | L1: Priorytet | M1: Powtarzalność | N1: Status | O1: Powiązany przypadek / wymaganie | P1: Załączniki | Q1: Uwagi
A2: DEF-005 | B2: Błąd walidacji: w polu Imię można wprowadzić wyłącznie puste spacje | C2: 46311 | D2: Adrian Skamarski | E2: KinoTO 1.0 (Symulator_KinoTO.xlsx) | F2: Windows 11, MS Excel | G2: Plik Symulator_KinoTO.xlsx otwarty, wszystkie wejściowe żółte pola puste. | H2: 1. W pole "Imię" wpisz same spacje 2. Wpisz poprawne dane w pozostałe pola 3. Odczytaj wynik z ekranu. | I2: Formularz powinien odrzucić takie dane i wyświetlić komunikat: "Podaj poprawne imię.". | J2: Formularz akceptuje imię | K2: Wysoka | L2: Niska | M2: Zawsze | N2: Otwarty | O2: REQ-FRM-02, Sesja eksploracyjna | P2: img_001.png | Q2: Brak walidacji na obecność jakichkolwiek widocznych znaków.
A3: DEF-006 | B3: Błąd w wyliczeniach: system nie przyznaje 50% zniżki dla osób powyżej 64 roku życia | C3: 46311 | D3: Adrian Skamarski | E3: KinoTO 1.0 (Symulator_KinoTO.xlsx) | F3: Windows 11, MS Excel | G3: Plik Symulator_KinoTO.xlsx otwarty, wszystkie wejściowe żółte pola puste. | H3: 1. W pole "Wiek" wpisz 65. 2. Wpisz poprawne dane w pozostałe pola (bez kodów, karta: Nie). 3. Odczytaj podsumowanie. | I3: kwota za bilet 15,00 zł; rabat 0%; opłata 2,00 zł; suma końcowa 17,00 zł. | J3: kwota za bilet 30,00 zł; rabat 0%; opłata 2; suma końcowa 32,00 zł. | K3: Wysoka | L3: Wysoka | M3: Zawsze | N3: Nowy | O3: REQ-CEN-02, TC-CEN-003 | P3: img_002.png | Q3: Program pomija warunek >= 65 lat
A4: DEF-007 | B4: Błąd limitu zniżki: sumowanie Karty i Kodu daje 20% rabatu, choć limit wynosi 15% | C4: 46311 | D4: Adrian Skamarski | E4: KinoTO 1.0 (Symulator_KinoTO.xlsx) | F4: Windows 11, MS Excel | G4: Plik Symulator_KinoTO.xlsx otwarty, wszystkie wejściowe żółte pola puste. | H4: 1. Zaznacz pole "Mam Kartę Kinomaniaka" na "Tak". 2. Wpisz poprawny kod "KINO10". 3. Wpisz poprawne dane w pozostałe pola. 4. Odczytaj podsumowanie. | I4: Oczekiwano: rabat 15% | J4: System połączył promocje (10% + 10%). Rzeczywisty wynik: rabat 20% | K4: Wysoka | L4: Wysoka | M4: Zawsze | N4: Otwarty | O4: REQ-CEN-03, TC-CEN-004 | P4: img_003.png | Q4: Rabaty są niepoprawnie sumowane.
A5: DEF-008 | B5: Błąd kodów: formularz nie rozpoznaje prawidłowego kodu napisanego małymi literami | C5: 46311 | D5: Adrian Skamarski | E5: KinoTO 1.0 (Symulator_KinoTO.xlsx) | F5: Windows 11, MS Excel | G5: Plik Symulator_KinoTO.xlsx otwarty, wszystkie wejściowe żółte pola puste. | H5: 1. W polu "Kod promocyjny" wpisz "kino10" 2. Uzupełnij resztę formularza poprawnymi danymi. 3. Odczytaj podsumowanie. | I5: Zgodnie z REQ-CEN-04 wielkość liter nie ma znaczenia. System powinien naliczyć 10% rabatu. | J5: Pojawia się komunikat "Nieprawidłowy kod - pominięto". W podsumowaniu widnieje rabat 0%. | K5: Wysoka | L5: Wysoka | M5: Zawsze | N5: Nowy | O5: REQ-CEN-04, TC-CEN-008 | P5: img_004.png | Q5: Walidacja kodu jest wrażliwa na wielkość liter niezgodnie ze specyfikacją.

Sheet Lista kontrolna
A1: Nr | B1: Obszar | C1: Pozycja kontrolna (pytanie; „Tak” = OK) | D1: Wynik | E1: Uwagi / dowód | F1: ID defektu
A2: CHK-01 | B2: Zgodność ze specyfikacją | C2: Czy wszystkie pola wymagane (Imię, E-mail, Wiek, Liczba biletów) są obecne w formularzu? | D2: Tak | E2: Zgodność z wymaganiem REQ-FRM-01
A3: CHK-02 | B3: Zgodność ze specyfikacją | C3: Czy formularz zawiera opcjonalne pole "Kod promocyjny"? | D3: Tak | E3: Zgodność z wymaganiem REQ-FRM-01 i REQ-FRM-06
A4: CHK-03 | B4: Zgodność ze specyfikacją | C4: Czy formularz zawiera pole wyboru "Mam Kartę Kinomaniaka"? | D4: Tak | E4: Zgodność z wymaganiem REQ-FRM-01
A5: CHK-04 | B5: Komunikaty | C5: Czy przy próbie zakupu bez wpisania jakichkolwiek danych (wszystkie pola puste), wyświetlane są komunikaty błędów dla każdego wymaganego pola? | D5: Tak | E5: Wyświetlają się komunikaty o wszysetkich błędach
A6: CHK-05 | B6: Komunikaty | C6: Czy wpisanie niepoprawnego formatu adresu e-mail generuje DOKŁADNIE komunikat "Niepoprawny adres e-mail."? | D6: Tak | E6: Komunikat jest poprawny.
A7: CHK-06 | B7: Prezentacja wyników | C7: Czy wszystkie kwoty w podsumowaniu wyświetlają się z dwoma miejscami po przecinku i przyrostkiem " zł"? | D7: Tak | E7: Wartości takie jak "30,00 zł" są formatowane prawidłowo (REQ-CEN-07).
A8: CHK-07 | B8: Prezentacja wyników | C8: Czy przy błędnych danych wejściowych, sekcja podsumowania jest całkowicie ukrywana/czyszczona? | D8: Tak | E8: Zgodność z wymaganiem REQ-FRM-07.
A9: CHK-08 | B9: Użyteczność | C9: Czy kolejność pół w formularzu jest logiczna i odpowiada standardom wypełniania? | D9: Tak | E9: Pola są ułożone czytelnie od góry do dołu.
A10: CHK-09 | B10: Zgodność ze specyfikacją | C10: Czy brak kodu promocyjnego lub błędny kod nie blokują transakcji? | D10: Nie | E10: Odrzuca prawidłowy kod pisany małymi literami. | F10: DEF-008
A11: CHK-10 | B11: Użyteczność | C11: Czy etykiety poszczególnych pól jasno wskazują, jakiego formatu danych oczekuje system? | D11: Nie | E11: Brak podpowiedzi informujących, że ułamki przy wieku są zakazane. | F11: PYT-002

Sheet Raport z wykonania
A1: Pozycja | B1: Wartość | C1: Komentarz
A2: IDENTYFIKACJA
A3: Identyfikator raportu | B3: 174919
A4: Obiekt testów | B4: Symulator_KinoTO.xlsx
A5: Okres testów | B5: 46311
A6: Autor | B6: Adrian Skamarski
A7: PRZYPADKI TESTOWE
A8: Zaprojektowane przypadki testowe | B8: =COUNTA('Przypadki testowe'!A2:A300) -> 15
A9: Zaliczone | B9: =COUNTIF('Przypadki testowe'!K2:K300,"Zaliczony") -> 11
A10: Niezaliczone | B10: =COUNTIF('Przypadki testowe'!K2:K300,"Niezaliczony") -> 4
A11: Zablokowane | B11: =COUNTIF('Przypadki testowe'!K2:K300,"Zablokowany") -> 0
A12: Pominięte | B12: =COUNTIF('Przypadki testowe'!K2:K300,"Pominięty") -> 0
A13: Nie wykonano | B13: =COUNTIF('Przypadki testowe'!K2:K300,"Nie wykonano") -> 0
A14: % wykonanych (zaliczone + niezaliczone) | B14: =IFERROR((B9+B10)/B8,0) -> 1
A15: % zaliczonych spośród wykonanych | B15: =IFERROR(B9/(B9+B10),0) -> 0.73333333
A16: WYMAGANIA (MACIERZ ŚLEDZENIA)
A17: Wymagania w macierzy | B17: =COUNTA('Macierz śledzenia'!A2:A300) -> 15
A18: Wymagania pokryte przypadkami | B18: =COUNTIF('Macierz śledzenia'!H2:H300,"Pokryte") -> 11
A19: % pokrycia wymagań | B19: =IFERROR(B18/B17,0) -> 0.73333333
A20: LISTA KONTROLNA
A21: Pozycje listy kontrolnej | B21: =COUNTA('Lista kontrolna'!A2:A300) -> 10
A22: Wynik „Tak” | B22: =COUNTIF('Lista kontrolna'!D2:D300,"Tak") -> 8
A23: Wynik „Nie” | B23: =COUNTIF('Lista kontrolna'!D2:D300,"Nie") -> 2
A24: Nie dotyczy / nie sprawdzono | B24: =COUNTIF('Lista kontrolna'!D2:D300,"Nie dotyczy")+COUNTIF('Lista kontrolna'!D2:D300,"Nie sprawdzono") -> 0
A25: DEFEKTY
A26: Zgłoszone defekty | B26: =COUNTA('Raporty defektów'!A2:A300) -> 4
A27: – krytyczne | B27: =COUNTIF('Raporty defektów'!K2:K300,"Krytyczna") -> 0
A28: – wysokie | B28: =COUNTIF('Raporty defektów'!K2:K300,"Wysoka") -> 4
A29: – średnie | B29: =COUNTIF('Raporty defektów'!K2:K300,"Średnia") -> 0
A30: – niskie | B30: =COUNTIF('Raporty defektów'!K2:K300,"Niska") -> 0
A31: Otwarte (bez Zamknięty i Odrzucony) | B31: =B26-COUNTIF('Raporty defektów'!N2:N300,"Zamknięty")-COUNTIF('Raporty defektów'!N2:N300,"Odrzucony") -> 4
A32: OCENA
A33: Zakres wykonanych prac i odstępstwa od planu | C33: Zrealizowano cały zakładany plan testów obejmujący przegląd wymagań, projekt 15 przypadków testowych, weryfikację listy kontrolnej i testy eksploracyjne. Skontrolowano pełen zakres zaplanowanych do testów funkcjonalności formularza.
A34: Najważniejsze problemy i ryzyka | C34: Kluczowe ryzyka wynikają z błędów w mechanizmach finansowych: aplikacja wadliwie łączy zniżki promocyjne, źle przetwarza małe litery w kodach i nie uwzględnia zniżek dla osób starszych (od 65 lat). Wykryto także problemy z akceptacją znaków diakrytycznych w polu imienia, co może zniechęcić użytkowników.
A35: Kryteria wyjścia spełnione? | C35: Niespełnione. Pomimo realizacji wszystkich wysokopriorytetowych testów i uzyskania zaplanowanego pokrycia, wciąż mamy 4 nierozwiązane błędy o wysokiej ważności. Założenia końcowe wymagały braku tego typu defektów, co blokuje pozytywne zakończenie fazy testów.
A36: Rekomendacja | C36: Zalecenie: Kategorycznie wstrzymać wdrożenie na produkcję. Wymagane jest priorytetowe usunięcie usterek w module obliczania kosztów biletów.
A37: Wnioski na przyszłość (lessons learned) | C37: Braki i nieścisłości w dokumentacji wymagań zaowocowały błędami w finalnym oprogramowaniu. Kolejne projekty powinny uwzględniać bardziej rygorystyczny przegląd statyczny reguł biznesowych przed startem prac.
